listing_id,suburb,address,sale_price,land_size_sqm,house_type,year_built,bedrooms,bathrooms,material,material_conf,tree_flag,ndvi_score,suburb_income,walk_score,school_rating,yield_proxy,risk_score,liquidity,quality,inv_score,rank_suburb,agent_name,agency,agent_phone
8654ca0cd492,Brunswick,"190 Punt Rd, Brunswick VIC",411000,110,unit,1923,5,3,brick,0.6754,0,0.3795,82000,90,7.8,0.5170387779083431,0.5518692307692308,0.9,0.81,1.951104,1,David Taylor,Barry Plant,0479 599 861
2f3c7a51b861,Richmond,"82 Wellington Pde, Richmond VIC",747000,289,house,2015,2,2,brick,0.5835,0,0.3046,98000,88,7.9,0.3137344970142398,0.1023923076923077,0.88,0.7949999999999999,1.937538,1,Emma Smith,Nelson Alexander,0485 262 679
81897bd4cc71,Fitzroy,"52 Gertrude St, Fitzroy VIC",754000,80,unit,1994,4,3,brick,0.618,0,0.5438,95000,92,8.2,0.25161290322580643,0.16770769230769234,0.92,0.8300000000000001,1.917759,1,Andrew Taylor,Marshall White,0427 911 194
387b6877cfb3,Collingwood,"133 Lygon St, Collingwood VIC",674000,803,townhouse,1985,5,3,brick,0.551,0,0.4002,88000,87,7.6,0.327009485771343,0.18739999999999998,0.87,0.8,1.903309,1,Sarah Williams,Marshall White,0453 848 725
bb7c1cfe72c6,St Kilda,"145 Swan St, St Kilda VIC",580000,684,house,2005,2,1,weatherboard,0.5266,0,0.5229,85000,89,7.5,0.35086737548964747,0.11646153846153846,0.89,0.6950000000000001,1.877636,1,Emma Smith,Hocking Stuart,0480 834 992
ca8c4fbad582,Northcote,"80 Victoria St, Northcote VIC",610000,159,unit,1995,5,3,weatherboard,0.5,0,0.5399,89000,84,8.1,0.4013738959764475,0.15023076923076922,0.84,0.705,1.871258,1,Andrew Davis,Nelson Alexander,0453 112 859
63135d10ed9e,Brunswick,"8 Smith St, Brunswick VIC",625000,871,villa,1960,3,3,brick,0.5955,0,0.5214,82000,90,7.8,0.26556991774383076,0.259423076923077,0.9,0.81,1.845858,2,Jessica Wilson,Jellis Craig,0458 663 113
9007070f5560,Hawthorn,"225 Smith St, Hawthorn VIC",1071000,312,house,2003,3,3,brick,0.7857,0,0.3731,115000,85,8.7,0.21480938416422288,0.1717153846153846,0.85,0.855,1.833951,1,Michael Smith,Jellis Craig,0490 654 972
e3dc0b564503,Prahran,"16 Gertrude St, Prahran VIC",710000,273,house,1951,4,1,brick,0.7001,0,0.3991,92000,88,8.0,0.29980276134122286,0.2956153846153846,0.88,0.8,1.831995,1,Olivia Brown,Hocking Stuart,0473 601 280
6249937c8ef3,Brunswick,"93 Wellington Pde, Brunswick VIC",633000,809,villa,2004,3,3,weatherboard,0.5,0,0.4073,82000,90,7.8,0.25616921269095183,0.12483846153846154,0.9,0.71,1.80375,3,David Taylor,Biggin & Scott,0462 511 191
dcba06e37966,Collingwood,"9 Punt Rd, Collingwood VIC",635000,377,townhouse,1906,3,2,brick,0.829,0,0.3698,88000,87,7.6,0.3659510733899151,0.4265769230769231,0.87,0.78,1.802662,2,Jessica Brown,Nelson Alexander,0470 357 484
f95db90d8eb2,South Yarra,"130 Swan St, South Yarra VIC",956000,686,house,1899,4,3,brick,0.7221,1,0.6306,120000,91,9.1,0.2537080405932865,0.4852153846153846,0.91,0.855,1.7761,1,Olivia Williams,Jellis Craig,0484 318 261
4ec686931ae6,Hawthorn,"88 Sydney Rd, Hawthorn VIC",989000,840,house,2018,3,3,brick,0.6407,0,0.5009,115000,85,8.7,0.2749266862170088,0.3173615384615385,0.85,0.8049999999999999,1.771246,2,Michael Taylor,Barry Plant,0457 830 421
49f8a958572e,Prahran,"101 Alexandra Pde, Prahran VIC",756000,696,villa,1919,2,2,brick,0.8683,0,0.5295,92000,88,8.0,0.25443786982248523,0.3986769230769231,0.88,0.8200000000000001,1.755099,2,David Smith,Ray White,0490 180 442
0e86fc638cee,Prahran,"93 Sydney Rd, Prahran VIC",808000,697,townhouse,2019,2,1,brick,0.666,1,0.6911,92000,88,8.0,0.20315581854043394,0.3011846153846154,0.88,0.8200000000000001,1.752563,3,Emma Wilson,Barry Plant,0445 456 296
d1800c1c8c7d,Hawthorn,"61 Johnston St, Hawthorn VIC",981000,440,townhouse,1917,2,1,brick,0.99,0,0.3654,115000,85,8.7,0.28079178885630496,0.42733076923076924,0.85,0.835,1.752126,3,Sarah Smith,Barry Plant,0452 966 254
922cb6d85752,Collingwood,"232 Gertrude St, Collingwood VIC",837000,570,house,2010,2,1,brick,0.6605,0,0.3864,88000,87,7.6,0.16425361957064402,0.1267769230769231,0.87,0.78,1.750865,3,Jessica Smith,Nelson Alexander,0420 225 890
d5c280f54fb8,Fitzroy,"109 Swan St, Fitzroy VIC",882000,455,villa,1972,2,1,brick,0.5562,0,0.2265,95000,92,8.2,0.12456575682382134,0.24820000000000003,0.92,0.8300000000000001,1.750465,2,David Thompson,Marshall White,0465 713 359
99c2bd7a55e7,Prahran,"140 Sydney Rd, Prahran VIC",799000,439,townhouse,1951,4,3,brick,0.5686,0,0.4095,92000,88,8.0,0.21203155818540434,0.30451538461538463,0.88,0.8,1.739774,4,Olivia Smith,Nelson Alexander,0439 942 671
fe229af4a501,South Yarra,"228 Smith St, South Yarra VIC",1050000,255,house,1922,4,2,brick,0.7685,0,0.2318,120000,91,9.1,0.18032786885245902,0.41884615384615387,0.91,0.855,1.735905,2,Michael Smith,RT Edgar,0443 591 192
929fa1919c3a,Brunswick,"136 Smith St, Brunswick VIC",675000,173,unit,1916,5,2,brick,0.7395,0,0.385,82000,90,7.8,0.20681551116333724,0.39980769230769236,0.9,0.81,1.716911,4,Michael Williams,Hocking Stuart,0452 893 403
ff42605de886,Prahran,"156 Nicholson St, Prahran VIC",771000,485,townhouse,1982,5,1,weatherboard,0.5,0,0.3559,92000,88,8.0,0.23964497041420119,0.20633076923076923,0.88,0.7,1.716479,5,James Chen,RT Edgar,0442 204 371
147db52059a6,Hawthorn,"4 Gertrude St, Hawthorn VIC",1197000,788,house,1976,2,2,brick,0.6901,0,0.3503,115000,85,8.7,0.12243401759530792,0.2673923076923077,0.85,0.875,1.713738,4,Olivia Thompson,Biggin & Scott,0428 342 922
09ee03fa0e45,Hawthorn,"109 Brunswick St, Hawthorn VIC",1051000,297,house,1924,5,1,brick,0.9305,0,0.2402,115000,85,8.7,0.22947214076246333,0.4127923076923077,0.85,0.835,1.708076,5,Olivia Davis,Barry Plant,0464 577 826
630764c938d3,Fitzroy,"84 Brunswick St, Fitzroy VIC",836000,269,villa,1925,3,1,brick,0.761,0,0.4884,95000,92,8.2,0.17022332506203475,0.38821538461538463,0.92,0.81,1.706115,3,David Williams,RT Edgar,0438 836 219
a8a343192795,Brunswick,"84 Church St, Brunswick VIC",716000,120,unit,2003,3,3,weatherboard,0.5,0,0.2133,82000,90,7.8,0.15863689776733256,0.13621538461538463,0.9,0.71,1.700529,5,Olivia Davis,Nelson Alexander,0427 901 119
589fc33ded7e,Prahran,"5 Victoria St, Prahran VIC",920000,731,townhouse,1993,5,1,brick,0.5901,0,0.3808,92000,88,8.0,0.09270216962524655,0.18738461538461537,0.88,0.8200000000000001,1.69901,6,Sarah Chen,Hocking Stuart,0434 772 667
fbeb6f9738ba,Northcote,"205 Smith St, Northcote VIC",758000,318,townhouse,1902,2,3,brick,0.6514,0,0.2344,89000,84,8.1,0.2561334641805692,0.4511846153846154,0.84,0.825,1.695541,2,Sarah Chen,Jellis Craig,0487 193 430
4d88e7eed0ae,Footscray,"37 Alexandra Pde, Footscray VIC",532000,215,villa,1978,5,3,weatherboard,0.5,0,0.3641,72000,80,7.3,0.3077423552374756,0.19473846153846155,0.8,0.685,1.695373,1,David Chen,Biggin & Scott,0470 278 190
12288a46dfc1,Fitzroy,"89 Wellington Pde, Fitzroy VIC",840000,534,villa,1918,4,1,brick,0.859,0,0.5468,95000,92,8.2,0.1662531017369727,0.4101538461538462,0.92,0.81,1.691176,4,Andrew Wilson,RT Edgar,0459 655 611
19fcdfff0f95,Northcote,"109 Church St, Northcote VIC",941000,815,house,2019,5,3,brick,0.5844,0,0.4552,89000,84,8.1,0.07654563297350343,0.10948461538461537,0.84,0.825,1.686803,3,Olivia Brown,Hocking Stuart,0495 671 793
459ed14b9445,South Yarra,"83 Johnston St, South Yarra VIC",1057000,848,townhouse,1940,2,1,brick,0.6015,0,0.44,120000,91,9.1,0.17486338797814208,0.5641615384615385,0.91,0.875,1.677782,3,Jessica Davis,RT Edgar,0443 480 744
2bf3e6ccd88a,Richmond,"112 Swan St, Richmond VIC",858000,295,townhouse,1981,4,2,weatherboard,0.5,0,0.3359,98000,88,7.9,0.21175930179145613,0.2181076923076923,0.88,0.6950000000000001,1.677705,2,Jessica Thompson,Jellis Craig,0440 800 536
47a17c6e201c,Collingwood,"93 Church St, Collingwood VIC",892000,826,townhouse,1998,4,3,brick,0.6743,0,0.4233,88000,87,7.6,0.10933599600599102,0.16920000000000002,0.87,0.78,1.674736,4,Emma Chen,Ray White,0456 368 798
8a4e93526a96,Brunswick,"193 Victoria St, Brunswick VIC",736000,178,house,2015,3,1,weatherboard,0.5,0,0.2411,82000,90,7.8,0.13513513513513514,0.1012923076923077,0.9,0.69,1.674489,6,Michael Brown,Barry Plant,0458 861 702
d5b0792e7cdc,South Yarra,"189 Sydney Rd, South Yarra VIC",1156000,148,unit,1911,3,1,brick,0.7354,0,0.3706,120000,91,9.1,0.0975800156128025,0.4632923076923078,0.91,0.895,1.670934,4,Olivia Thompson,RT Edgar,0481 211 238
3cd815ce39f3,Richmond,"7 Smith St, Richmond VIC",936000,884,house,2012,2,2,brick,0.6992,0,0.4669,98000,88,7.9,0.14010105649977034,0.3305230769230769,0.88,0.815,1.669839,3,Andrew Davis,Barry Plant,0441 600 141
2da456695e9d,Fitzroy,"211 Church St, Fitzroy VIC",879000,321,townhouse,1930,2,1,brick,0.7908,0,0.5191,95000,92,8.2,0.12754342431761787,0.3771307692307692,0.92,0.81,1.668978,5,Olivia Smith,Ray White,0413 542 273
70d1d2fce6cd,St Kilda,"83 Victoria St, St Kilda VIC",743000,399,townhouse,1993,2,3,weatherboard,0.5,0,0.2713,85000,89,7.5,0.1684387241186346,0.1696846153846154,0.89,0.6950000000000001,1.668596,2,James Brown,Nelson Alexander,0413 548 108
dda4848e64a7,Fitzroy,"120 Punt Rd, Fitzroy VIC",883000,312,villa,1997,3,3,brick,0.7003,0,0.2049,95000,92,8.2,0.12357320099255584,0.3713769230769231,0.92,0.81,1.667884,6,Andrew Taylor,RT Edgar,0478 481 123
9cd718d95961,South Yarra,"87 Lygon St, South Yarra VIC",1044000,588,townhouse,1941,3,3,brick,0.6536,1,0.767,120000,91,9.1,0.18501170960187355,0.5647846153846153,0.91,0.855,1.667619,5,Jessica Smith,Ray White,0424 303 969
44f2d6b3caa0,Fitzroy,"157 Lygon St, Fitzroy VIC",1108000,121,unit,2021,2,2,brick,0.725,1,0.6292,95000,92,8.2,0,0.12503076923076922,0.92,0.81,1.667484,7,Olivia Wilson,RT Edgar,0477 693 650
bde928d89d20,Northcote,"218 Swan St, Northcote VIC",714000,652,villa,1925,4,3,brick,0.716,1,0.6301,89000,84,8.1,0.29931305201177627,0.5810153846153846,0.84,0.8049999999999999,1.653805,4,Emma Davis,Marshall White,0452 701 145
3e9f2e5f87b6,South Yarra,"6 Church St, South Yarra VIC",1218000,456,townhouse,1959,3,3,brick,0.6361,0,0.5307,120000,91,9.1,0.04918032786885246,0.32180000000000003,0.91,0.855,1.65328,6,Andrew Williams,Barry Plant,0412 965 734
7e042bdf3295,South Yarra,"121 Nicholson St, South Yarra VIC",1046000,417,townhouse,1937,5,2,brick,0.725,0,0.2789,120000,91,9.1,0.1834504293520687,0.5722923076923077,0.91,0.845,1.652304,7,Michael Wilson,Hocking Stuart,0433 426 462
6cd372e0ccd3,Collingwood,"237 Grattan St, Collingwood VIC",884000,87,unit,2013,4,2,brick,0.841,0,0.4226,88000,87,7.6,0.11732401397903146,0.32224615384615385,0.87,0.8200000000000001,1.646201,5,James Chen,Nelson Alexander,0445 993 574
e89258ed938d,Fitzroy,"232 Victoria St, Fitzroy VIC",960000,433,house,2022,2,1,weatherboard,0.5415,0,0.3103,95000,92,8.2,0.04714640198511166,0.10215384615384615,0.92,0.73,1.646069,8,Andrew Wilson,Marshall White,0421 969 272
e4d8ed6bcfd0,Prahran,"226 Grattan St, Prahran VIC",843000,179,unit,1918,2,3,brick,0.6107,0,0.1708,92000,88,8.0,0.16863905325443787,0.41045384615384617,0.88,0.8,1.643412,7,James Chen,Ray White,0490 250 209
fd63ab730650,Richmond,"204 High St, Richmond VIC",956000,640,house,2007,4,2,brick,0.6619,0,0.5327,98000,88,7.9,0.12172714745062012,0.3479076923076923,0.88,0.815,1.642773,4,Michael Taylor,Ray White,0447 481 562
10e53aefdd5f,Richmond,"188 Johnston St, Richmond VIC",990000,326,house,1965,3,1,brick,0.585,0,0.248,98000,88,7.9,0.09049150206706477,0.2805384615384615,0.88,0.7949999999999999,1.625222,5,Sarah Davis,RT Edgar,0493 837 984
91e8c1c2ee05,St Kilda,"123 Lygon St, St Kilda VIC",1184000,370,townhouse,2022,2,1,brick,0.5826,0,0.3057,85000,89,7.5,0,0.12455384615384614,0.89,0.7949999999999999,1.622723,3,Emma Wilson,RT Edgar,0432 490 725
b99a671ddd60,Richmond,"62 Johnston St, Richmond VIC",1018000,601,townhouse,1969,3,2,brick,0.8297,1,0.5591,98000,88,7.9,0.06476802939825448,0.27603076923076925,0.88,0.815,1.621752,6,James Chen,Barry Plant,0476 287 341
4d69b5f3ea0a,Hawthorn,"225 Grattan St, Hawthorn VIC",1059000,165,unit,1921,4,3,brick,0.949,1,0.5601,115000,85,8.7,0.22360703812316715,0.6278230769230769,0.85,0.855,1.614695,6,Olivia Taylor,Nelson Alexander,0448 166 344
c95414acc3d1,Hawthorn,"73 Grattan St, Hawthorn VIC",1214000,128,unit,1942,5,3,brick,0.7399,0,0.4089,115000,85,8.7,0.10997067448680352,0.3737076923076923,0.85,0.835,1.608117,7,James Wilson,RT Edgar,0458 648 371
e41c96b1358a,Fitzroy,"98 Wellington Pde, Fitzroy VIC",897000,764,villa,1890,4,1,brick,0.8932,1,0.8005,95000,92,8.2,0.10967741935483871,0.5070076923076923,0.92,0.8300000000000001,1.606173,9,Olivia Brown,Ray White,0410 158 786
0d061e259dc4,Prahran,"106 Smith St, Prahran VIC",865000,194,unit,1908,3,1,brick,0.7791,0,0.5083,92000,88,8.0,0.14694280078895464,0.4434230769230769,0.88,0.8,1.605231,8,Olivia Brown,Hocking Stuart,0419 795 990
82befb457717,Collingwood,"137 Swan St, Collingwood VIC",854000,412,villa,1991,2,2,weatherboard,0.5301,0,0.4221,88000,87,7.6,0.1472790813779331,0.18693846153846155,0.87,0.6799999999999999,1.60381,6,Sarah Williams,Nelson Alexander,0436 273 240
ca1d2d22c69e,South Yarra,"130 Sydney Rd, South Yarra VIC",1162000,153,unit,1895,3,1,brick,0.8099,0,0.3845,120000,91,9.1,0.09289617486338798,0.5131230769230769,0.91,0.855,1.601334,8,Olivia Williams,Hocking Stuart,0460 511 977
b7289d1164f4,Fitzroy,"238 Brunswick St, Fitzroy VIC",1277000,179,house,1966,3,2,brick,0.63,0,0.5202,95000,92,8.2,0,0.3061615384615385,0.92,0.8300000000000001,1.596919,10,Andrew Wilson,Nelson Alexander,0438 663 231
c83184b0fb6f,South Yarra,"26 Sydney Rd, South Yarra VIC",1520000,470,townhouse,1951,5,2,brick,0.6022,0,0.5162,120000,91,9.1,0,0.37661538461538463,0.91,0.875,1.596692,9,Jessica Taylor,Marshall White,0450 713 476
475045d688a6,Hawthorn,"176 Gertrude St, Hawthorn VIC",1302000,442,house,1966,4,3,brick,0.6712,0,0.4655,115000,85,8.7,0.045454545454545456,0.30866153846153843,0.85,0.855,1.596124,8,Andrew Davis,Biggin & Scott,0426 881 908
dc6672a5a4cc,South Yarra,"84 Gertrude St, South Yarra VIC",1051000,375,townhouse,1894,2,3,brick,0.6081,0,0.3256,120000,91,9.1,0.1795472287275566,0.7051000000000001,0.91,0.855,1.591997,10,James Wilson,Nelson Alexander,0429 313 238
6db119c466bd,Fitzroy,"30 Brunswick St, Fitzroy VIC",970000,450,villa,1980,5,3,brick,0.7153,0,0.3339,95000,92,8.2,0.03722084367245657,0.4323846153846154,0.92,0.8500000000000001,1.591028,11,Michael Wilson,Nelson Alexander,0412 984 495
4dc27077d46d,Brunswick,"232 Lygon St, Brunswick VIC",786000,716,villa,1933,5,1,brick,0.7501,0,0.324,82000,90,7.8,0.07638072855464159,0.3586,0.9,0.79,1.58708,7,Olivia Davis,Ray White,0476 911 985
21790de30635,Hawthorn,"227 Nicholson St, Hawthorn VIC",1344000,641,house,1981,3,3,brick,0.7928,0,0.4605,115000,85,8.7,0.01466275659824047,0.2667076923076923,0.85,0.855,1.586309,9,Andrew Davis,Marshall White,0474 638 506
817c4661e1e5,Collingwood,"5 Swan St, Collingwood VIC",1120000,389,townhouse,2005,5,2,brick,0.6583,0,0.3318,88000,87,7.6,0,0.17046153846153847,0.87,0.8,1.584769,7,Michael Brown,Ray White,0481 539 377
fcacd2d64331,Collingwood,"240 Brunswick St, Collingwood VIC",1199000,499,villa,2007,2,1,brick,0.6588,0,0.3566,88000,87,7.6,0,0.1722076923076923,0.87,0.8,1.583896,8,Michael Chen,Biggin & Scott,0458 763 668
d446ed81fe21,Northcote,"54 Brunswick St, Northcote VIC",892000,449,house,2010,5,1,brick,0.5981,0,0.5424,89000,84,8.1,0.12463199214916584,0.3322769230769231,0.84,0.775,1.573493,5,Andrew Wilson,Nelson Alexander,0499 307 728
7a075fbe2538,Richmond,"83 Brunswick St, Richmond VIC",1016000,167,house,1930,4,2,brick,0.8033,0,0.3606,98000,88,7.9,0.0666054203031695,0.3908307692307692,0.88,0.815,1.56619,7,Andrew Chen,Ray White,0424 463 859
3a73dec9a789,Brunswick,"101 Grattan St, Brunswick VIC",1028000,762,townhouse,1965,2,2,brick,0.6049,1,0.563,82000,90,7.8,0,0.28933846153846154,0.9,0.81,1.56533,8,David Wilson,Biggin & Scott,0434 817 688
435f6380464f,Hawthorn,"246 Grattan St, Hawthorn VIC",1421000,845,villa,1991,5,1,brick,0.6716,0,0.3791,115000,85,8.7,0,0.24363846153846153,0.85,0.835,1.56318,10,Emma Taylor,RT Edgar,0425 802 610
59f9ba8e722e,Brunswick,"23 Johnston St, Brunswick VIC",889000,141,unit,2022,2,2,weatherboard,0.5,0,0.3449,82000,90,7.8,0,0.09505384615384614,0.9,0.71,1.562473,9,James Brown,Marshall White,0427 566 436
18b5d384b1c0,Fitzroy,"225 Gertrude St, Fitzroy VIC",1045000,178,unit,1947,4,1,brick,0.6775,0,0.0559,95000,92,8.2,0,0.34142307692307694,0.92,0.81,1.559288,12,James Davis,Biggin & Scott,0421 906 892
fc2466caec56,Fitzroy,"7 Lygon St, Fitzroy VIC",1201000,97,unit,1952,3,3,brick,0.6664,0,0.3963,95000,92,8.2,0,0.34163846153846156,0.92,0.81,1.559181,13,Michael Brown,RT Edgar,0487 651 704
1dc0122903e1,St Kilda,"67 Church St, St Kilda VIC",918000,277,house,1985,5,3,brick,0.6224,0,0.4971,85000,89,7.5,0,0.2118,0.89,0.7749999999999999,1.5591,4,Michael Wilson,Nelson Alexander,0434 722 132
e37e4c088bc0,Hawthorn,"155 Johnston St, Hawthorn VIC",1436000,451,townhouse,1990,5,3,brick,0.6158,1,0.5976,115000,85,8.7,0,0.2532153846153846,0.85,0.835,1.558392,11,Olivia Davis,Nelson Alexander,0410 128 300
5073b9df79a7,St Kilda,"92 High St, St Kilda VIC",831000,681,villa,1922,4,1,brick,0.679,0,0.4566,85000,89,7.5,0.06994963626189143,0.3969461538461539,0.89,0.7949999999999999,1.556476,5,Andrew Williams,Marshall White,0480 654 849
aaf33f13e0cf,Brunswick,"36 High St, Brunswick VIC",991000,101,unit,2021,4,2,weatherboard,0.5,0,0.4867,82000,90,7.8,0,0.10833076923076923,0.9,0.71,1.555834,10,Andrew Wilson,Nelson Alexander,0480 668 999
4e53ed9753fc,Footscray,"61 Punt Rd, Footscray VIC",757000,717,villa,2017,3,1,brick,0.5528,0,0.5305,72000,80,7.3,0.014964216005204945,0.09723846153846155,0.8,0.7849999999999999,1.551345,2,Olivia Taylor,Ray White,0493 258 256
e47fd3b8454d,Richmond,"78 Smith St, Richmond VIC",1270000,508,house,1971,3,1,brick,0.7356,0,0.3104,98000,88,7.9,0,0.2900769230769231,0.88,0.815,1.549961,8,Sarah Smith,Jellis Craig,0497 989 356
9dc86e8dafb4,Northcote,"40 Alexandra Pde, Northcote VIC",1042000,328,house,1983,5,2,brick,0.6334,0,0.3508,89000,84,8.1,0,0.23035384615384613,0.84,0.825,1.549823,6,James Wilson,Nelson Alexander,0442 997 382
8193e9d3a194,Richmond,"70 Alexandra Pde, Richmond VIC",875000,375,house,1908,4,2,brick,0.8076,0,0.3089,98000,88,7.9,0.19614147909967847,0.644423076923077,0.88,0.7949999999999999,1.54893,9,Jessica Chen,RT Edgar,0422 503 856
bc8e5ee99d35,Brunswick,"32 Brunswick St, Brunswick VIC",839000,109,unit,2002,5,2,weatherboard,0.5,0,0.4319,82000,90,7.8,0.01410105757931845,0.1515923076923077,0.9,0.71,1.548305,11,Emma Wilson,Biggin & Scott,0479 133 592
6c2db5bc6ee3,Fitzroy,"224 Victoria St, Fitzroy VIC",1164000,621,villa,1943,2,3,brick,0.6132,0,0.4793,95000,92,8.2,0,0.36563076923076926,0.92,0.81,1.547184,14,Sarah Smith,Jellis Craig,0441 298 776
273c99d22484,Fitzroy,"13 Church St, Fitzroy VIC",1104000,177,unit,1941,3,2,brick,0.5746,0,0.2188,95000,92,8.2,0,0.3657846153846154,0.92,0.81,1.547107,15,Emma Thompson,RT Edgar,0422 327 393
106dd904c26f,St Kilda,"152 Johnston St, St Kilda VIC",809000,389,townhouse,1898,3,1,brick,0.735,0,0.2009,85000,89,7.5,0.09457190822607722,0.46859230769230775,0.89,0.7949999999999999,1.545276,6,Jessica Smith,Jellis Craig,0485 778 177
1c117245c670,Hawthorn,"232 High St, Hawthorn VIC",1457000,665,townhouse,1982,2,2,brick,0.821,1,0.6073,115000,85,8.7,0,0.2799307692307692,0.85,0.835,1.545034,12,David Chen,Ray White,0412 951 384
bc36430f4b38,St Kilda,"35 Gertrude St, St Kilda VIC",758000,188,house,2000,3,1,weatherboard,0.5,0,0.2025,85000,89,7.5,0.15165081141578063,0.34964615384615383,0.89,0.675,1.541827,7,Michael Brown,Barry Plant,0496 544 800
22be1cb5cf96,St Kilda,"206 Nicholson St, St Kilda VIC",892000,402,villa,1958,3,3,brick,0.5733,0,0.3556,85000,89,7.5,0.0016787912702853946,0.2922769230769231,0.89,0.7949999999999999,1.54054,8,Jessica Chen,Barry Plant,0426 180 382
ecccf957e6b2,Collingwood,"56 Johnston St, Collingwood VIC",963000,563,house,1998,4,2,weatherboard,0.5408,1,0.6786,88000,87,7.6,0.038442336495257114,0.18130000000000002,0.87,0.72,1.537792,9,Jessica Thompson,Hocking Stuart,0453 528 256
996ac8792651,Fitzroy,"65 Church St, Fitzroy VIC",1164000,700,house,1936,3,1,brick,0.9006,0,0.465,95000,92,8.2,0,0.3871692307692308,0.92,0.81,1.536415,16,Jessica Davis,RT Edgar,0484 464 784
eee29e859960,Prahran,"170 Victoria St, Prahran VIC",1039000,189,villa,1963,2,1,brick,0.6381,0,0.3798,92000,88,8.0,0,0.2915923076923077,0.88,0.8,1.534204,9,Emma Williams,Marshall White,0465 115 651
4e3e13ef523c,Collingwood,"9 Grattan St, Collingwood VIC",997000,150,unit,1952,2,3,brick,0.7096,0,0.4866,88000,87,7.6,0.0044932601098352475,0.3212384615384616,0.87,0.8200000000000001,1.533874,10,Olivia Chen,Hocking Stuart,0451 462 452
8fe0debe27bf,Hawthorn,"231 Lygon St, Hawthorn VIC",1349000,411,house,1936,3,3,brick,0.99,0,0.404,115000,85,8.7,0.010997067448680353,0.4056692307692308,0.85,0.875,1.533162,13,Michael Davis,RT Edgar,0493 936 214
81dd95a573bc,Collingwood,"155 Gertrude St, Collingwood VIC",944000,79,unit,1927,4,2,brick,0.8006,0,0.2527,88000,87,7.6,0.05741387918122816,0.3928615384615385,0.87,0.8,1.530983,11,Michael Taylor,Ray White,0463 132 591
2cc781b84015,St Kilda,"197 Church St, St Kilda VIC",730000,237,townhouse,1905,5,3,brick,0.7291,0,0.416,85000,89,7.5,0.182988248461108,0.6391538461538462,0.89,0.7749999999999999,1.528411,9,James Wilson,Marshall White,0490 875 632
df3a682caeb8,Prahran,"112 High St, Prahran VIC",1015000,115,unit,1945,5,2,brick,0.6114,0,0.3146,92000,88,8.0,0,0.34457692307692306,0.88,0.8200000000000001,1.527711,10,Andrew Brown,Hocking Stuart,0442 885 950
584cf2bad9a9,Prahran,"243 Gertrude St, Prahran VIC",1155000,408,townhouse,1935,5,1,brick,0.8616,0,0.4351,92000,88,8.0,0,0.38934615384615384,0.88,0.8400000000000001,1.525327,11,James Davis,Nelson Alexander,0415 515 871
de697b7b8423,Hawthorn,"208 Brunswick St, Hawthorn VIC",1451000,858,villa,2019,5,1,brick,0.6906,0,0.4541,115000,85,8.7,0,0.3604846153846154,0.85,0.855,1.524757,14,James Smith,Ray White,0470 796 941
448e4f7351d2,South Yarra,"19 Sydney Rd, South Yarra VIC",1426000,640,villa,1980,2,2,weatherboard,0.5,1,0.598,120000,91,9.1,0,0.2829846153846154,0.91,0.7549999999999999,1.523507,11,James Chen,RT Edgar,0433 994 564
fd0768afd3da,Prahran,"11 High St, Prahran VIC",1162000,654,townhouse,2012,3,1,weatherboard,0.5,0,0.3719,92000,88,8.0,0,0.15312307692307692,0.88,0.72,1.523438,12,Michael Brown,Ray White,0441 705 725
eadc1c8bfdbc,Fitzroy,"75 Swan St, Fitzroy VIC",1118000,665,townhouse,1990,4,2,brick,0.6803,0,0.4236,95000,92,8.2,0,0.41641538461538463,0.92,0.81,1.521792,17,James Brown,Nelson Alexander,0448 850 646
90490a670a90,Brunswick,"122 Nicholson St, Brunswick VIC",851000,555,townhouse,1994,3,2,weatherboard,0.5209,0,0.3889,82000,90,7.8,0,0.17740769230769232,0.9,0.71,1.521296,12,Olivia Smith,Ray White,0426 654 161
157327bda4e3,Fitzroy,"229 Lygon St, Fitzroy VIC",968000,354,house,2023,4,3,weatherboard,0.5,0,0.3786,95000,92,8.2,0.039205955334987594,0.2998769230769231,0.92,0.71,1.519267,18,Michael Brown,Jellis Craig,0435 864 760
3b0452559e51,Prahran,"97 Punt Rd, Prahran VIC",1296000,167,unit,1961,5,2,brick,0.6715,0,0.4047,92000,88,8.0,0,0.3234461538461538,0.88,0.8,1.518277,13,James Taylor,Jellis Craig,0427 138 568
769c3d5e86d4,Northcote,"143 Swan St, Northcote VIC",895000,577,house,1956,2,1,brick,0.626,0,0.5164,89000,84,8.1,0.12168792934249265,0.49873076923076926,0.84,0.8049999999999999,1.517322,7,David Smith,RT Edgar,0476 583 834
696314a1dcd0,Prahran,"76 Sydney Rd, Prahran VIC",1013000,555,house,2014,5,3,brick,0.6135,0,0.4826,92000,88,8.0,0.0009861932938856016,0.3320692307692308,0.88,0.8,1.514951,14,Emma Wilson,Jellis Craig,0422 708 755
23587889dec3,South Yarra,"214 Grattan St, South Yarra VIC",1803000,206,townhouse,1920,2,3,brick,0.6014,0,0.3952,120000,91,9.1,0,0.5003000000000001,0.91,0.855,1.51485,12,Olivia Taylor,Marshall White,0453 135 780
1a5150c93a95,Brunswick,"211 Brunswick St, Brunswick VIC",1010000,73,unit,1994,5,3,weatherboard,0.5,0,0.4411,82000,90,7.8,0,0.1933076923076923,0.9,0.71,1.513346,13,Jessica Williams,Ray White,0431 469 667
076b45ceaefd,Richmond,"125 Lygon St, Richmond VIC",1155000,666,villa,1943,5,2,brick,0.5616,0,0.2615,98000,88,7.9,0,0.36473076923076925,0.88,0.815,1.512634,10,James Davis,Jellis Craig,0424 173 955
bcc6d251d1c9,South Yarra,"26 Nicholson St, South Yarra VIC",1418000,90,unit,1971,2,2,weatherboard,0.5456,0,0.5102,120000,91,9.1,0,0.3048769230769231,0.91,0.7549999999999999,1.512561,13,Sarah Chen,Barry Plant,0439 697 528
09df8c0a894a,Northcote,"221 Punt Rd, Northcote VIC",1152000,77,unit,1961,2,2,brick,0.6188,0,0.4358,89000,84,8.1,0,0.30904615384615386,0.84,0.825,1.510477,8,Andrew Williams,Biggin & Scott,0411 719 864
d04f2dd71a1c,South Yarra,"204 Sydney Rd, South Yarra VIC",1334000,741,townhouse,1966,2,2,weatherboard,0.5,0,0.3863,120000,91,9.1,0,0.31186153846153847,0.91,0.7549999999999999,1.509069,14,Jessica Williams,Jellis Craig,0468 627 867
40480a505b2d,Richmond,"44 Sydney Rd, Richmond VIC",1302000,763,villa,1958,4,1,brick,0.6035,0,0.536,98000,88,7.9,0,0.333276923076923,0.88,0.7949999999999999,1.508361,11,David Thompson,Hocking Stuart,0420 154 776
d5457d24c1e3,Brunswick,"119 Wellington Pde, Brunswick VIC",1019000,872,townhouse,2004,3,2,weatherboard,0.5,0,0.3794,82000,90,7.8,0,0.16343846153846153,0.9,0.69,1.50828,14,Sarah Chen,Barry Plant,0486 780 448
d53c43461c76,Fitzroy,"29 Lygon St, Fitzroy VIC",1058000,224,townhouse,1913,5,2,brick,0.85,0,0.4569,95000,92,8.2,0,0.4473384615384616,0.92,0.81,1.506331,19,Olivia Williams,Hocking Stuart,0475 414 653
903e524d2734,St Kilda,"52 Brunswick St, St Kilda VIC",766000,143,unit,1970,3,2,weatherboard,0.5,0,0.3944,85000,89,7.5,0.14269725797425853,0.44275384615384616,0.89,0.6950000000000001,1.50632,10,Michael Thompson,RT Edgar,0497 468 197
e21f0313a521,Hawthorn,"68 Smith St, Hawthorn VIC",1570000,172,unit,1958,4,3,brick,0.8545,0,0.5224,115000,85,8.7,0,0.36007692307692307,0.85,0.835,1.504961,15,Olivia Williams,RT Edgar,0420 879 394
d5089ddd6023,Richmond,"103 Swan St, Richmond VIC",1236000,226,house,1953,2,1,brick,0.7735,0,0.2758,98000,88,7.9,0,0.3420615384615384,0.88,0.7949999999999999,1.503969,12,Michael Brown,Barry Plant,0429 739 822
f1c9af90b49a,South Yarra,"112 Wellington Pde, South Yarra VIC",1636000,175,unit,1896,4,3,brick,0.6583,1,0.5896,120000,91,9.1,0,0.5624461538461539,0.91,0.875,1.503777,15,Olivia Williams,Ray White,0456 954 170
a86817c4fb73,Brunswick,"142 Church St, Brunswick VIC",851000,521,townhouse,1916,4,1,brick,0.635,1,0.5616,82000,90,7.8,0,0.4224076923076924,0.9,0.81,1.498796,15,Emma Taylor,Biggin & Scott,0414 744 959
d9bcb47151ad,Fitzroy,"30 Gertrude St, Fitzroy VIC",1074000,634,house,1895,4,2,brick,0.8668,0,0.3943,95000,92,8.2,0,0.5043230769230769,0.92,0.8300000000000001,1.497838,20,Olivia Brown,Ray White,0462 365 418
88e05fba20aa,Collingwood,"130 Gertrude St, Collingwood VIC",1093000,364,villa,1947,5,1,brick,0.6651,0,0.3407,88000,87,7.6,0,0.3462230769230769,0.87,0.8,1.496888,12,David Wilson,Nelson Alexander,0497 731 463
d6d446d56002,Hawthorn,"73 Brunswick St, Hawthorn VIC",1379000,498,house,1935,3,2,brick,0.9286,1,0.5619,115000,85,8.7,0,0.4167461538461539,0.85,0.855,1.496627,16,Andrew Wilson,RT Edgar,0430 177 106
7b7401c9a648,Footscray,"8 Grattan St, Footscray VIC",815000,333,house,1980,2,2,brick,0.5882,0,0.3692,72000,80,7.3,0,0.2168846153846154,0.8,0.8049999999999999,1.496557,3,David Williams,Jellis Craig,0410 519 843
2b8499e0b404,Northcote,"58 High St, Northcote VIC",1173000,846,house,1952,5,3,brick,0.7001,0,0.467,89000,84,8.1,0,0.3388384615384616,0.84,0.825,1.495581,9,David Brown,Barry Plant,0414 941 536
57cc5cff992b,Collingwood,"131 High St, Collingwood VIC",938000,153,unit,1899,5,3,brick,0.7827,0,0.4475,88000,87,7.6,0.06340489266100849,0.47841538461538463,0.87,0.8,1.494197,13,David Brown,Nelson Alexander,0412 395 910
211c6b62f500,Hawthorn,"27 Smith St, Hawthorn VIC",1397000,843,townhouse,1934,3,3,brick,0.9238,1,0.646,115000,85,8.7,0,0.42162307692307693,0.85,0.855,1.494188,17,Andrew Wilson,Jellis Craig,0473 541 925
bdb968bcb471,Prahran,"58 Johnston St, Prahran VIC",946000,849,house,1892,2,1,brick,0.7195,1,0.5908,92000,88,8.0,0.0670611439842209,0.5057538461538461,0.88,0.8,1.494184,15,Jessica Taylor,Nelson Alexander,0440 206 999
516d300fdf05,South Yarra,"114 Punt Rd, South Yarra VIC",1437000,136,unit,1894,2,3,brick,0.7221,0,0.3912,120000,91,9.1,0,0.5437000000000001,0.91,0.855,1.49315,16,Jessica Davis,Jellis Craig,0458 175 770
b4be08636565,St Kilda,"223 Alexandra Pde, St Kilda VIC",841000,734,house,1964,3,3,weatherboard,0.5357,0,0.5322,85000,89,7.5,0.05875769445998881,0.26871538461538463,0.89,0.675,1.4894,11,Jessica Taylor,Nelson Alexander,0429 860 148
83bfc2e960c3,Brunswick,"174 Gertrude St, Brunswick VIC",1091000,294,villa,1981,5,3,weatherboard,0.5,0,0.4252,82000,90,7.8,0,0.24140769230769232,0.9,0.71,1.489296,16,Andrew Brown,Jellis Craig,0440 448 129
514592dfc729,St Kilda,"171 Smith St, St Kilda VIC",1040000,171,unit,2005,3,2,weatherboard,0.5,0,0.2748,85000,89,7.5,0,0.16246153846153846,0.89,0.675,1.483769,12,Olivia Thompson,Nelson Alexander,0480 225 744
af94013db726,Collingwood,"64 Nicholson St, Collingwood VIC",1035000,517,villa,1937,2,3,brick,0.6947,1,0.6713,88000,87,7.6,0,0.37619230769230766,0.87,0.8,1.481904,14,James Davis,Hocking Stuart,0431 455 984
9465f562ced4,Prahran,"88 Lygon St, Prahran VIC",1043000,825,townhouse,1929,2,3,brick,0.6679,0,0.293,92000,88,8.0,0,0.3966076923076923,0.88,0.8,1.481696,16,Michael Williams,Biggin & Scott,0420 162 665
f99e00e22081,Brunswick,"239 Nicholson St, Brunswick VIC",813000,61,unit,2016,3,3,weatherboard,0.5,0,0.5351,82000,90,7.8,0.04465334900117509,0.30591538461538464,0.9,0.69,1.481695,17,Olivia Brown,Hocking Stuart,0478 578 820
e624b7151760,Northcote,"222 Brunswick St, Northcote VIC",1330000,111,unit,1947,5,3,brick,0.5626,0,0.3743,89000,84,8.1,0,0.3699230769230769,0.84,0.825,1.480038,10,Jessica Davis,Marshall White,0416 131 206
d693de4a80a9,Richmond,"70 Brunswick St, Richmond VIC",1109000,68,unit,1920,4,3,brick,0.9233,0,0.4942,98000,88,7.9,0,0.43090000000000006,0.88,0.815,1.47955,13,James Thompson,Jellis Craig,0411 345 580
dae1a1add896,Richmond,"103 Victoria St, Richmond VIC",1004000,385,villa,1944,4,1,weatherboard,0.5351,0,0.267,98000,88,7.9,0.07762976573265962,0.34655384615384616,0.88,0.6950000000000001,1.479353,14,Jessica Chen,RT Edgar,0455 569 599
1f064fd7ccd8,St Kilda,"20 Johnston St, St Kilda VIC",1071000,659,townhouse,2002,2,1,weatherboard,0.5,1,0.5694,85000,89,7.5,0,0.1797923076923077,0.89,0.675,1.475104,13,Andrew Thompson,RT Edgar,0438 975 565
2ac7b1b05b86,Prahran,"125 Punt Rd, Prahran VIC",1219000,525,villa,1918,5,1,brick,0.7684,1,0.7133,92000,88,8.0,0,0.4530538461538462,0.88,0.8200000000000001,1.473473,17,Sarah Thompson,Jellis Craig,0446 715 779
4aab6a5bba40,St Kilda,"1 Wellington Pde, St Kilda VIC",1082000,361,townhouse,1934,5,2,brick,0.832,0,0.2254,85000,89,7.5,0,0.38512307692307696,0.89,0.7749999999999999,1.472438,14,David Thompson,Jellis Craig,0411 185 378
da67849a937f,St Kilda,"19 Grattan St, St Kilda VIC",890000,304,villa,1990,5,3,weatherboard,0.5,0,0.1962,85000,89,7.5,0.00391717963066592,0.19361538461538463,0.89,0.675,1.472109,15,Sarah Davis,Biggin & Scott,0452 390 524
31f68b28565e,Brunswick,"117 Gertrude St, Brunswick VIC",858000,67,unit,1959,2,3,weatherboard,0.524,0,0.4216,82000,90,7.8,0,0.2858,0.9,0.71,1.4671,18,Michael Wilson,Barry Plant,0490 101 177
2a7b834fd730,Prahran,"18 Johnston St, Prahran VIC",1126000,134,unit,1918,3,3,brick,0.6724,0,0.5015,92000,88,8.0,0,0.43875384615384616,0.88,0.8,1.460623,18,James Williams,Barry Plant,0452 264 599
8b65e455c511,Collingwood,"47 Church St, Collingwood VIC",1105000,481,house,1936,2,1,brick,0.8141,0,0.2255,88000,87,7.6,0,0.3812692307692308,0.87,0.78,1.459365,15,Sarah Wilson,Barry Plant,0424 960 855
7c64b0f5515e,Northcote,"89 Alexandra Pde, Northcote VIC",1452000,758,villa,1938,2,3,brick,0.9184,1,0.5685,89000,84,8.1,0,0.41481538461538464,0.84,0.825,1.457592,11,Olivia Thompson,RT Edgar,0435 980 181
0579a67a4429,Prahran,"160 Punt Rd, Prahran VIC",1056000,120,unit,1913,5,1,brick,0.7421,0,0.3359,92000,88,8.0,0,0.44713846153846154,0.88,0.8,1.456431,19,Olivia Smith,Biggin & Scott,0455 250 564
3273242f7871,South Yarra,"53 Grattan St, South Yarra VIC",1286000,372,villa,1995,2,1,weatherboard,0.5,1,0.5899,120000,91,9.1,0,0.42283076923076923,0.91,0.7549999999999999,1.453584,17,Sarah Wilson,Biggin & Scott,0456 491 807
7e042bdf3295,South Yarra,"121 Nicholson St, South Yarra VIC",1276000,386,house,2023,4,1,weatherboard,0.5,0,0.485,120000,91,9.1,0.0039032006245121,0.3306769230769231,0.91,0.705,1.453564,18,James Thompson,Ray White,0468 486 485
2a862a209369,Hawthorn,"135 Church St, Hawthorn VIC",1615000,275,house,1913,4,3,brick,0.99,0,0.3436,115000,85,8.7,0,0.5030384615384615,0.85,0.855,1.453481,18,Michael Chen,Nelson Alexander,0455 754 529
6cb9001ff29e,South Yarra,"166 Grattan St, South Yarra VIC",1717000,331,villa,1942,5,3,brick,0.6614,0,0.4998,120000,91,9.1,0,0.6240076923076923,0.91,0.855,1.452996,19,James Thompson,RT Edgar,0495 103 896
e86f6b43c1ed,Footscray,"78 Grattan St, Footscray VIC",720000,615,townhouse,1922,2,1,brick,0.6543,1,0.6546,72000,80,7.3,0.0631099544567339,0.3908461538461539,0.8,0.7849999999999999,1.452687,4,Jessica Thompson,Marshall White,0475 659 224
a7f54668ffbb,St Kilda,"69 Johnston St, St Kilda VIC",936000,112,unit,1902,2,1,brick,0.7859,0,0.4335,85000,89,7.5,0,0.46898461538461544,0.89,0.7949999999999999,1.450507,16,Michael Davis,Hocking Stuart,0431 303 388
d7778919a800,Hawthorn,"150 Wellington Pde, Hawthorn VIC",1687000,512,townhouse,1928,4,2,brick,0.8783,1,0.6462,115000,85,8.7,0,0.46908461538461543,0.85,0.835,1.450457,19,Michael Brown,Ray White,0487 340 636
6b0a37befb45,Northcote,"210 Grattan St, Northcote VIC",1042000,163,unit,1983,4,2,weatherboard,0.5,0,0.5442,89000,84,8.1,0,0.23035384615384613,0.84,0.725,1.449823,12,James Taylor,Biggin & Scott,0428 221 298
88d89ec1242b,Hawthorn,"113 Church St, Hawthorn VIC",1383000,648,villa,1902,5,1,brick,0.99,0,0.5119,115000,85,8.7,0,0.5136846153846154,0.85,0.855,1.448158,20,Michael Davis,Hocking Stuart,0422 500 478
62d9f8dc8aeb,Northcote,"139 Lygon St, Northcote VIC",933000,703,townhouse,2000,3,3,weatherboard,0.5,0,0.3974,89000,84,8.1,0.08439646712463199,0.36714615384615384,0.84,0.705,1.445823,13,David Brown,Ray White,0494 600 695
47153601fb61,Richmond,"237 Sydney Rd, Richmond VIC",1492000,137,unit,1923,4,2,brick,0.71,0,0.4076,98000,88,7.9,0,0.4599692307692308,0.88,0.7949999999999999,1.445015,15,David Taylor,RT Edgar,0410 893 119
a23ca6af2d9b,Collingwood,"170 Gertrude St, Collingwood VIC",1188000,607,villa,1929,4,3,brick,0.9123,1,0.6207,88000,87,7.6,0,0.41610769230769235,0.87,0.78,1.441946,16,Jessica Brown,Hocking Stuart,0428 974 644
d90a95005dc4,Richmond,"17 Brunswick St, Richmond VIC",1303000,669,villa,1903,4,3,brick,0.7265,1,0.6343,98000,88,7.9,0,0.5076076923076923,0.88,0.815,1.441196,16,Michael Smith,Nelson Alexander,0495 962 750
ef3329589276,Northcote,"91 Sydney Rd, Northcote VIC",1027000,137,unit,1910,4,3,brick,0.6898,0,0.1814,89000,84,8.1,0,0.4534692307692308,0.84,0.825,1.438265,14,Jessica Smith,Nelson Alexander,0443 677 684
7c4f073d9402,Richmond,"238 Church St, Richmond VIC",1083000,273,villa,1967,2,2,brick,0.611,0,0.2824,98000,88,7.9,0.005052824988516307,0.4836846153846154,0.88,0.7949999999999999,1.43821,17,James Williams,Biggin & Scott,0435 362 761
a4ef24751840,Footscray,"195 Gertrude St, Footscray VIC",908000,224,villa,2022,2,1,weatherboard,0.5,0,0.1945,72000,80,7.3,0,0.09695384615384614,0.8,0.685,1.436523,5,Jessica Wilson,Biggin & Scott,0491 259 568
ab81f63d4e4f,St Kilda,"161 Sydney Rd, St Kilda VIC",1083000,170,unit,1910,3,2,brick,0.9651,0,0.3716,85000,89,7.5,0,0.4590692307692308,0.89,0.7749999999999999,1.435465,17,Jessica Davis,Hocking Stuart,0485 291 395
b83ee051c22d,Richmond,"239 Sydney Rd, Richmond VIC",1094000,675,house,1903,2,2,brick,0.8169,1,0.6078,98000,88,7.9,0,0.48670769230769234,0.88,0.7949999999999999,1.431646,18,David Thompson,Nelson Alexander,0461 300 774
ffbcfaa50798,Northcote,"1 Wellington Pde, Northcote VIC",1057000,133,unit,1955,3,2,weatherboard,0.5,0,0.2241,89000,84,8.1,0,0.3180076923076923,0.84,0.7449999999999999,1.425996,15,Jessica Smith,Ray White,0446 427 762
49ce005a94bd,Northcote,"89 Lygon St, Northcote VIC",1107000,774,townhouse,1970,3,3,weatherboard,0.5444,1,0.569,89000,84,8.1,0,0.2818538461538462,0.84,0.725,1.424073,16,David Brown,Nelson Alexander,0433 742 877
e4c5414ee466,St Kilda,"248 Grattan St, St Kilda VIC",1008000,107,unit,1963,5,2,weatherboard,0.5214,0,0.279,85000,89,7.5,0,0.2884923076923077,0.89,0.675,1.420754,18,James Wilson,Barry Plant,0455 491 902
5a0650a474c8,Northcote,"59 Brunswick St, Northcote VIC",943000,312,villa,1925,2,2,brick,0.6027,0,0.454,89000,84,8.1,0.0745829244357213,0.5989153846153846,0.84,0.8049999999999999,1.420125,17,Michael Brown,Biggin & Scott,0436 277 119
b571853af89c,Footscray,"61 Lygon St, Footscray VIC",756000,284,villa,2009,4,3,weatherboard,0.5,1,0.5981,72000,80,7.3,0.01626545217957059,0.12675384615384616,0.8,0.665,1.417888,6,Sarah Williams,Biggin & Scott,0450 170 927
4214264c4a2a,Collingwood,"199 Sydney Rd, Collingwood VIC",1006000,96,unit,1904,5,2,brick,0.8246,0,0.4115,88000,87,7.6,0,0.4698307692307693,0.87,0.78,1.415084,17,Andrew Smith,Nelson Alexander,0414 846 806
2c1ebfa4339a,Collingwood,"144 Sydney Rd, Collingwood VIC",1051000,615,townhouse,1907,4,2,brick,0.7793,1,0.5673,88000,87,7.6,0,0.4701000000000001,0.87,0.78,1.41495,18,Michael Davis,Barry Plant,0491 756 477
6c7607cfb97d,Footscray,"127 Gertrude St, Footscray VIC",720000,155,villa,1972,2,3,weatherboard,0.5307,0,0.2862,72000,80,7.3,0.0631099544567339,0.23200000000000004,0.8,0.665,1.41211,7,Andrew Brown,Jellis Craig,0453 515 595
ee1f824b0ddd,Northcote,"132 Sydney Rd, Northcote VIC",1298000,431,townhouse,1964,5,2,weatherboard,0.529,0,0.2113,89000,84,8.1,0,0.31441538461538465,0.84,0.725,1.407792,18,Jessica Chen,Hocking Stuart,0418 563 691
530002c33f01,Brunswick,"138 Victoria St, Brunswick VIC",891000,701,townhouse,1998,4,2,weatherboard,0.5,0,0.3773,82000,90,7.8,0,0.36910000000000004,0.9,0.69,1.40545,19,Jessica Williams,Marshall White,0436 634 902
80862a51e1a8,Brunswick,"167 Punt Rd, Brunswick VIC",1035000,681,villa,1923,5,2,brick,0.7859,0,0.4948,82000,90,7.8,0,0.6142692307692308,0.9,0.81,1.402865,20,Michael Brown,Marshall White,0453 611 825
2144790ab94e,Richmond,"52 Punt Rd, Richmond VIC",1214000,859,townhouse,1951,3,1,brick,0.6136,0,0.4328,98000,88,7.9,0,0.5460153846153846,0.88,0.7949999999999999,1.401992,19,James Williams,Jellis Craig,0410 255 774
280b1ce724c8,Collingwood,"103 Victoria St, Collingwood VIC",1031000,614,villa,1897,4,3,brick,0.9077,1,0.5944,88000,87,7.6,0,0.49886923076923073,0.87,0.78,1.400565,19,Sarah Williams,RT Edgar,0452 472 628
f62315f3369a,Footscray,"182 Gertrude St, Footscray VIC",804000,576,house,2008,3,1,weatherboard,0.5,1,0.6615,72000,80,7.3,0,0.13463076923076925,0.8,0.665,1.397684,8,Jessica Thompson,Hocking Stuart,0463 585 743
8e9eeea9e3de,Footscray,"101 High St, Footscray VIC",731000,170,villa,1970,4,2,weatherboard,0.5,0,0.3948,72000,80,7.3,0.048796356538711776,0.23925384615384618,0.8,0.665,1.394169,9,James Williams,Ray White,0468 533 639
fbdea2d066a1,South Yarra,"111 Swan St, South Yarra VIC",1517000,480,villa,1962,3,3,weatherboard,0.5342,0,0.406,120000,91,9.1,0,0.5424692307692308,0.91,0.7549999999999999,1.393765,20,James Smith,Biggin & Scott,0421 364 873
55c70bfa297c,Prahran,"166 Sydney Rd, Prahran VIC",1316000,813,townhouse,1932,2,1,brick,0.6566,0,0.3765,92000,88,8.0,0,0.6146769230769231,0.88,0.8200000000000001,1.392661,20,James Thompson,Marshall White,0450 447 921
6e9cc1fbd12c,Northcote,"9 Smith St, Northcote VIC",887000,637,villa,1952,4,1,weatherboard,0.5299,0,0.3389,89000,84,8.1,0.1295387634936212,0.5102384615384616,0.84,0.675,1.389419,19,Michael Brown,Hocking Stuart,0463 670 939
16f72aadb04d,St Kilda,"214 Sydney Rd, St Kilda VIC",895000,113,unit,1932,3,2,brick,0.7119,0,0.4102,85000,89,7.5,0,0.5725769230769231,0.89,0.7749999999999999,1.378711,19,Jessica Williams,Marshall White,0414 204 801
8f5af3b595b7,Northcote,"114 Nicholson St, Northcote VIC",1011000,88,unit,1942,2,2,weatherboard,0.5227,0,0.4311,89000,84,8.1,0.007850834151128557,0.3534076923076923,0.84,0.705,1.376147,20,Emma Wilson,Hocking Stuart,0455 902 986
e57c92994157,Footscray,"241 High St, Footscray VIC",830000,436,house,1914,5,3,brick,0.6288,0,0.3407,72000,80,7.3,0,0.4214615384615385,0.8,0.7849999999999999,1.374269,10,David Williams,Barry Plant,0415 234 759
004fd99895a1,St Kilda,"238 Gertrude St, St Kilda VIC",1124000,123,unit,2000,5,3,weatherboard,0.5,0,0.3692,85000,89,7.5,0,0.38624615384615385,0.89,0.675,1.371877,20,Andrew Chen,Biggin & Scott,0444 927 523
d6ec6b612a72,Footscray,"189 Wellington Pde, Footscray VIC",788000,411,house,1982,4,2,weatherboard,0.5,0,0.372,72000,80,7.3,0,0.20803076923076924,0.8,0.665,1.360984,11,Emma Wilson,Hocking Stuart,0480 564 240
9b16d7d4ffde,Footscray,"141 Victoria St, Footscray VIC",767000,631,house,1980,4,1,weatherboard,0.5429,1,0.5818,72000,80,7.3,0.001951854261548471,0.2170846153846154,0.8,0.665,1.358409,12,Andrew Smith,Biggin & Scott,0418 150 562
ebed7f44a1af,Footscray,"246 Grattan St, Footscray VIC",791000,616,villa,1910,4,1,brick,0.6908,0,0.518,72000,80,7.3,0,0.4298692307692308,0.8,0.7649999999999999,1.350065,13,David Davis,Hocking Stuart,0429 659 610
a28f810cd3aa,Footscray,"54 High St, Footscray VIC",748000,518,villa,1938,2,1,brick,0.6395,0,0.5484,72000,80,7.3,0.026675341574495772,0.5394153846153846,0.8,0.7849999999999999,1.341967,14,James Davis,Hocking Stuart,0439 625 271
444619c5b730,Footscray,"110 Punt Rd, Footscray VIC",770000,770,townhouse,1953,4,3,brick,0.5623,1,0.6166,72000,80,7.3,0,0.5004615384615384,0.8,0.7849999999999999,1.334769,15,Sarah Brown,Ray White,0461 783 477
a89b8a1026a5,Richmond,"234 Alexandra Pde, Richmond VIC",1384000,546,villa,1896,4,2,brick,0.7105,0,0.3565,98000,88,7.9,0,0.732246153846154,0.88,0.7949999999999999,1.308877,20,Andrew Brown,Biggin & Scott,0416 127 684
cfb5383e5f6a,Footscray,"129 Church St, Footscray VIC",758000,200,unit,1938,2,1,brick,0.6425,0,0.2338,72000,80,7.3,0.013662979830839297,0.5404153846153846,0.8,0.7649999999999999,1.308455,16,Michael Wilson,Marshall White,0495 553 363
6201f3c15673,Footscray,"114 Wellington Pde, Footscray VIC",755000,296,house,1891,4,2,weatherboard,0.5499,0,0.4427,72000,80,7.3,0.01756668835393624,0.48473076923076924,0.8,0.685,1.260201,17,Michael Smith,Jellis Craig,0425 130 674
e4dc6fe329ae,Footscray,"206 High St, Footscray VIC",967000,161,villa,1984,4,3,weatherboard,0.5,0,0.3431,72000,80,7.3,0,0.4197769230769231,0.8,0.665,1.255111,18,Michael Brown,Ray White,0447 857 404
2f5b76a36f49,Collingwood,"25 Smith St, Collingwood VIC",1171000,439,townhouse,1895,5,2,brick,0.9188,0,0.0442,88000,87,7.6,0,0.7140230769230769,0.87,0.73,1.242988,20,David Thompson,Jellis Craig,0454 845 302
1e39b259916b,Footscray,"48 Alexandra Pde, Footscray VIC",802000,654,townhouse,1990,3,1,weatherboard,0.5,1,0.5548,72000,80,7.3,0,0.3898153846153846,0.8,0.635,1.240092,19,Sarah Davis,Hocking Stuart,0446 839 914
30c3a850ad1f,Footscray,"200 Wellington Pde, Footscray VIC",776000,120,unit,1891,2,1,weatherboard,0.5371,0,0.4502,72000,80,7.3,0,0.48683076923076923,0.8,0.665,1.221584,20,Jessica Williams,Jellis Craig,0458 748 635
